<?xml version = "1.0" encoding = "UTF-8"?>
<!DOCTYPE xml>
<configuration debug="true">
	<property name="LOG_FILE_LOCATION" value="logs"></property>
	<property name="LOG_FILE_NAME" value="transaction"></property>
	<property name="LOG_FILE_EXTENSION" value=".log"></property>
	<timestamp key="bySecond" datePattern="yyyyMMdd'T'HHmmss" timeReference="contextBirth" />
	
	<appender name="STDOUT" class="ch.qos.logback.core.ConsoleAppender">
		<layout class="ch.qos.logback.classic.PatternLayout">
			<pattern>%d{yyyy-MM-dd HH:mm:ss} [%thread] %-5level %logger{36} - %msg%n</pattern>
		</layout>
	</appender>
	<appender name="FILE-AUDIT" class="ch.qos.logback.core.FileAppender">
		<file>${LOG_FILE_LOCATION}/${LOG_FILE_NAME}_${bySecond}${LOG_FILE_EXTENSION}</file>
		<encoder class="ch.qos.logback.classic.encoder.PatternLayoutEncoder">
		<pattern>%d{yyyy-MM-dd HH:mm:ss} [%thread] %-5level %logger{36} - %msg%n</pattern>
		</encoder>
	</appender>
	<!-- send logs to both console and file audit -->
	<logger name="user-api" level="info" additivity="false">
		<appender-ref ref="FILE-AUDIT" />
		<appender-ref ref="STDOUT" />
	</logger>
	<root level="INFO">
		<appender-ref ref="FILE-AUDIT" />
		<appender-ref ref="STDOUT" />
	</root>
</configuration>
